Variable,Coefficient,Abs_Coefficient
is_match,21.84257689281601,21.84257689281601
Distance_to_Main_5K,-13.803690363295962,13.803690363295962
reads,6.4755916081075595,6.4755916081075595
asv_count,0.5119098015537944,0.5119098015537944
has_MMG,-0.0838908090635731,0.0838908090635731
total_asv_reads,0.03257276539991751,0.03257276539991751
