Method,Accuracy,AUC
Random Forest,0.9992608386638238,0.9984522377775189
Logistic Regression,0.894726368159204,0.9944661895156413
